type;Subnet;Sensor
AGUA;SUB_412;SEN_83547
AGUA;SUB_412;SEN_83546
AGUA;SUB_412;SEN_83549
AGUA;SUB_419;SEN_81980
AGUA;SUB_419;SEN_81979
AGUA;SUB_419;SEN_81982
AGUA;SUB_492;SEN_81948
AGUA;SUB_492;SEN_81947
AGUA;SUB_115;SEN_82811
AGUA;SUB_115;SEN_82810
AGUA;SUB_609;SEN_81993
AGUA;SUB_609;SEN_81992
AGUA;SUB_609;SEN_81991
AGUA;SUB_269;SEN_82834
AGUA;SUB_269;SEN_86653
AGUA;SUB_357;SEN_86425
AGUA;SUB_357;SEN_86426
AGUA;SUB_357;SEN_93835
AGUA;SUB_50;SEN_88597
AGUA;SUB_50;SEN_86419
AGUA;SUB_50;SEN_86420
AGUA;SUB_450;SEN_82005
AGUA;SUB_450;SEN_82004
AGUA;SUB_178;SEN_82823
AGUA;SUB_178;SEN_82822
AGUA;SUB_178;SEN_86599
AGUA;SUB_195;SEN_82017
AGUA;SUB_195;SEN_82016
AGUA;SUB_195;SEN_82015
AGUA;SUB_202;SEN_83558
AGUA;SUB_202;SEN_83557
AGUA;SUB_180;SEN_83569
AGUA;SUB_180;SEN_83568
AGUA;SUB_152;SEN_81907
AGUA;SUB_152;SEN_81906
AGUA;SUB_152;SEN_81905
AGUA;SUB_433;SEN_82871
AGUA;SUB_433;SEN_82870
AGUA;SUB_433;SEN_82873
AGUA;SUB_620;SEN_82882
AGUA;SUB_620;SEN_82881
AGUA;SUB_489;SEN_89630
AGUA;SUB_489;SEN_89629
AGUA;SUB_483;SEN_85085
AGUA;SUB_483;SEN_85084
AGUA;SUB_483;SEN_85087
AGUA;SUB_427;SEN_85114
AGUA;SUB_427;SEN_85113
AGUA;SUB_427;SEN_85116
AGUA;SUB_484;SEN_85143
AGUA;SUB_484;SEN_85142
AGUA;SUB_484;SEN_85145
AGUA;SUB_506;SEN_85201
AGUA;SUB_506;SEN_85200
AGUA;SUB_506;SEN_85203
AGUA;SUB_420;SEN_85230
AGUA;SUB_420;SEN_85229
AGUA;SUB_420;SEN_85232
AGUA;SUB_614;SEN_82920
AGUA;SUB_614;SEN_82919
AGUA;SUB_614;SEN_82922
AGUA;SUB_297;SEN_82934
AGUA;SUB_297;SEN_82933
AGUA;SUB_297;SEN_141658
AGUA;SUB_581;SEN_82964
AGUA;SUB_581;SEN_82963
AGUA;SUB_22;SEN_82977
AGUA;SUB_22;SEN_82976
AGUA;SUB_630;SEN_87392
AGUA;SUB_630;SEN_87391
AGUA;SUB_630;SEN_87394
AGUA;SUB_429;SEN_83007
AGUA;SUB_429;SEN_83006
AGUA;SUB_686;SEN_93442
AGUA;SUB_686;SEN_93441
AGUA;SUB_530;SEN_87315
AGUA;SUB_530;SEN_87312
AGUA;SUB_530;SEN_83032
AGUA;SUB_530;SEN_83033
AGUA;SUB_530;SEN_91290
AGUA;SUB_530;SEN_83030
AGUA;SUB_530;SEN_83036
AGUA;SUB_189;SEN_83081
AGUA;SUB_189;SEN_83080
AGUA;SUB_527;SEN_83106
AGUA;SUB_527;SEN_83105
AGUA;SUB_527;SEN_83104
AGUA;SUB_2;SEN_91774
AGUA;SUB_2;SEN_91773
AGUA;SUB_2;SEN_91775
AGUA;SUB_2;SEN_83128
AGUA;SUB_2;SEN_83130
AGUA;SUB_2;SEN_83129
AGUA;SUB_456;SEN_83159
AGUA;SUB_456;SEN_83158
AGUA;SUB_456;SEN_42397
AGUA;SUB_485;SEN_83187
AGUA;SUB_485;SEN_83186
AGUA;SUB_485;SEN_83189
AGUA;SUB_377;SEN_83199
AGUA;SUB_377;SEN_83198
AGUA;SUB_540;SEN_59031
AGUA;SUB_540;SEN_83210
AGUA;SUB_375;SEN_83222
AGUA;SUB_375;SEN_83221
AGUA;SUB_3;SEN_83233
AGUA;SUB_3;SEN_83232
AGUA;SUB_539;SEN_83244
AGUA;SUB_539;SEN_83243
AGUA;SUB_3;SEN_86644
AGUA;SUB_3;SEN_83256
AGUA;SUB_3;SEN_83255
AGUA;SUB_274;SEN_83267
AGUA;SUB_274;SEN_83266
AGUA;SUB_4;SEN_93489
AGUA;SUB_4;SEN_93492
AGUA;SUB_4;SEN_93490
AGUA;SUB_521;SEN_83308
AGUA;SUB_521;SEN_83307
AGUA;SUB_90;SEN_83321
AGUA;SUB_90;SEN_83320
AGUA;SUB_509;SEN_83351
AGUA;SUB_509;SEN_83353
AGUA;SUB_509;SEN_141688
AGUA;SUB_553;SEN_84560
AGUA;SUB_553;SEN_84559
AGUA;SUB_553;SEN_84562
AGUA;SUB_406;SEN_83409
AGUA;SUB_406;SEN_83408
AGUA;SUB_406;SEN_83411
AGUA;SUB_415;SEN_83438
AGUA;SUB_415;SEN_83437
AGUA;SUB_415;SEN_83440
AGUA;SUB_516;SEN_83467
AGUA;SUB_516;SEN_83466
AGUA;SUB_516;SEN_83469
AGUA;SUB_5;SEN_86657
AGUA;SUB_5;SEN_86645
AGUA;SUB_5;SEN_83477
AGUA;SUB_5;SEN_83478
AGUA;SUB_29;SEN_83506
AGUA;SUB_29;SEN_83505
AGUA;SUB_7;SEN_83579
AGUA;SUB_7;SEN_83580
AGUA;SUB_87;SEN_87872
AGUA;SUB_87;SEN_87871
AGUA;SUB_81;SEN_83609
AGUA;SUB_81;SEN_83608
AGUA;SUB_300;SEN_91582
AGUA;SUB_300;SEN_91581
AGUA;SUB_300;SEN_91584
AGUA;SUB_385;SEN_83070
AGUA;SUB_385;SEN_83069
AGUA;SUB_663;SEN_89798
AGUA;SUB_663;SEN_89797
AGUA;SUB_663;SEN_89792
AGUA;SUB_314;SEN_83636
AGUA;SUB_314;SEN_83635
AGUA;SUB_190;SEN_83647
AGUA;SUB_190;SEN_83646
AGUA;SUB_273;SEN_87032
AGUA;SUB_273;SEN_87389
AGUA;SUB_289;SEN_13087
AGUA;SUB_289;SEN_15539
AGUA;SUB_289;SEN_83657
AGUA;SUB_451;SEN_83669
AGUA;SUB_451;SEN_83668
AGUA;SUB_376;SEN_83682
AGUA;SUB_376;SEN_83681
AGUA;SUB_376;SEN_83680
AGUA;SUB_8;SEN_83691
AGUA;SUB_8;SEN_83692
AGUA;SUB_543;SEN_83720
AGUA;SUB_543;SEN_83719
AGUA;SUB_82;SEN_83747
AGUA;SUB_82;SEN_83746
AGUA;SUB_465;SEN_83775
AGUA;SUB_465;SEN_83774
AGUA;SUB_465;SEN_83777
AGUA;SUB_519;SEN_83804
AGUA;SUB_519;SEN_83803
AGUA;SUB_519;SEN_83806
AGUA;SUB_431;SEN_83833
AGUA;SUB_431;SEN_83832
AGUA;SUB_431;SEN_83835
AGUA;SUB_523;SEN_83861
AGUA;SUB_523;SEN_83860
AGUA;SUB_186;SEN_83874
AGUA;SUB_186;SEN_83873
AGUA;SUB_272;SEN_83904
AGUA;SUB_272;SEN_83903
AGUA;SUB_272;SEN_83906
AGUA;SUB_518;SEN_83933
AGUA;SUB_518;SEN_83932
AGUA;SUB_518;SEN_83935
AGUA;SUB_89;SEN_91726
AGUA;SUB_89;SEN_91725
AGUA;SUB_37;SEN_83962
AGUA;SUB_37;SEN_83961
AGUA;SUB_41;SEN_83978
AGUA;SUB_41;SEN_83977
AGUA;SUB_541;SEN_84007
AGUA;SUB_541;SEN_84006
AGUA;SUB_94;SEN_84035
AGUA;SUB_94;SEN_84034
AGUA;SUB_148;SEN_84048
AGUA;SUB_148;SEN_84047
AGUA;SUB_563;SEN_84078
AGUA;SUB_563;SEN_84077
AGUA;SUB_139;SEN_84087
AGUA;SUB_139;SEN_84098
AGUA;SUB_144;SEN_84110
AGUA;SUB_144;SEN_84109
AGUA;SUB_452;SEN_41646
AGUA;SUB_452;SEN_84122
AGUA;SUB_452;SEN_84121
AGUA;SUB_139;SEN_84132
AGUA;SUB_18;SEN_84146
AGUA;SUB_18;SEN_84145
AGUA;SUB_501;SEN_84176
AGUA;SUB_501;SEN_84175
AGUA;SUB_501;SEN_84178
AGUA;SUB_33;SEN_84191
AGUA;SUB_33;SEN_84190
AGUA;SUB_38;SEN_84221
AGUA;SUB_38;SEN_84220
AGUA;SUB_91;SEN_84236
AGUA;SUB_91;SEN_141775
AGUA;SUB_42;SEN_84251
AGUA;SUB_42;SEN_84250
AGUA;SUB_301;SEN_84266
AGUA;SUB_301;SEN_84265
AGUA;SUB_384;SEN_84296
AGUA;SUB_384;SEN_84295
AGUA;SUB_384;SEN_85652
AGUA;SUB_466;SEN_84328
AGUA;SUB_466;SEN_84327
AGUA;SUB_466;SEN_84330
AGUA;SUB_279;SEN_84339
AGUA;SUB_279;SEN_84338
AGUA;SUB_288;SEN_84350
AGUA;SUB_288;SEN_85650
AGUA;SUB_282;SEN_84361
AGUA;SUB_282;SEN_84360
AGUA;SUB_112;SEN_89254
AGUA;SUB_112;SEN_89255
AGUA;SUB_112;SEN_89256
AGUA;SUB_536;SEN_84403
AGUA;SUB_536;SEN_84402
AGUA;SUB_536;SEN_84405
AGUA;SUB_19;SEN_84417
AGUA;SUB_19;SEN_84416
AGUA;SUB_414;SEN_84447
AGUA;SUB_414;SEN_84446
AGUA;SUB_414;SEN_84449
AGUA;SUB_555;SEN_84476
AGUA;SUB_555;SEN_84475
AGUA;SUB_555;SEN_84478
AGUA;SUB_508;SEN_84505
AGUA;SUB_508;SEN_84504
AGUA;SUB_508;SEN_87002
AGUA;SUB_528;SEN_84532
AGUA;SUB_528;SEN_84531
AGUA;SUB_528;SEN_84534
AGUA;SUB_676;SEN_92782
AGUA;SUB_676;SEN_92781
AGUA;SUB_676;SEN_92784
AGUA;SUB_67;SEN_84572
AGUA;SUB_67;SEN_84571
AGUA;SUB_278;SEN_84583
AGUA;SUB_278;SEN_84582
AGUA;SUB_280;SEN_84593
AGUA;SUB_280;SEN_84594
AGUA;SUB_333;SEN_84606
AGUA;SUB_333;SEN_84605
AGUA;SUB_333;SEN_84604
AGUA;SUB_684;SEN_93301
AGUA;SUB_684;SEN_93300
AGUA;SUB_684;SEN_93303
AGUA;SUB_342;SEN_85244
AGUA;SUB_342;SEN_85243
AGUA;SUB_379;SEN_84646
AGUA;SUB_379;SEN_84645
AGUA;SUB_379;SEN_86598
AGUA;SUB_290;SEN_84661
AGUA;SUB_290;SEN_84660
AGUA;SUB_295;SEN_87379
AGUA;SUB_295;SEN_87378
AGUA;SUB_522;SEN_84783
AGUA;SUB_522;SEN_84782
AGUA;SUB_618;SEN_84811
AGUA;SUB_618;SEN_84810
AGUA;SUB_618;SEN_84813
AGUA;SUB_662;SEN_89774
AGUA;SUB_662;SEN_89773
AGUA;SUB_662;SEN_89776
AGUA;SUB_31;SEN_84825
AGUA;SUB_31;SEN_84824
AGUA;SUB_284;SEN_84840
AGUA;SUB_284;SEN_84839
AGUA;SUB_552;SEN_84869
AGUA;SUB_552;SEN_84868
AGUA;SUB_552;SEN_86597
AGUA;SUB_677;SEN_92830
AGUA;SUB_677;SEN_92829
AGUA;SUB_677;SEN_92832
AGUA;SUB_36;SEN_84883
AGUA;SUB_36;SEN_84882
AGUA;SUB_515;SEN_84913
AGUA;SUB_515;SEN_84912
AGUA;SUB_341;SEN_84926
AGUA;SUB_341;SEN_84925
AGUA;SUB_45;SEN_88550
AGUA;SUB_45;SEN_88549
AGUA;SUB_45;SEN_88552
AGUA;SUB_505;SEN_84956
AGUA;SUB_505;SEN_84955
AGUA;SUB_505;SEN_84954
AGUA;SUB_191;SEN_84967
AGUA;SUB_191;SEN_84966
AGUA;SUB_270;SEN_84979
AGUA;SUB_270;SEN_84978
AGUA;SUB_270;SEN_84977
AGUA;SUB_532;SEN_57443
AGUA;SUB_532;SEN_84990
AGUA;SUB_299;SEN_85001
AGUA;SUB_299;SEN_85000
AGUA;SUB_285;SEN_85012
AGUA;SUB_285;SEN_85011
AGUA;SUB_151;SEN_85024
AGUA;SUB_151;SEN_85023
AGUA;SUB_286;SEN_85035
AGUA;SUB_286;SEN_85034
AGUA;SUB_281;SEN_85046
AGUA;SUB_281;SEN_85045
AGUA;SUB_10;SEN_85056
AGUA;SUB_357;SEN_89255
AGUA;SUB_50;SEN_82810
AGUA;SUB_450;SEN_84087
AGUA;SUB_139;SEN_84109
AGUA;SUB_191;SEN_85023
AGUA;SUB_50;SEN_81905
AGUA;SUB_50;SEN_86599
AGUA;SUB_527;SEN_83080
AGUA;SUB_451;SEN_83646
AGUA;SUB_492;SEN_84966
AGUA;SUB_50;SEN_82015
AGUA;SUB_115;SEN_83129
AGUA;SUB_50;SEN_86653
AGUA;SUB_191;SEN_84977
AGUA;SUB_139;SEN_83906
AGUA;SUB_663;SEN_87389
AGUA;SUB_9;SEN_84582
AGUA;SUB_659;SEN_84338
AGUA;SUB_9;SEN_84594
AGUA;SUB_191;SEN_85045
AGUA;SUB_659;SEN_84360
AGUA;SUB_191;SEN_85011
AGUA;SUB_191;SEN_85034
AGUA;SUB_659;SEN_85650
AGUA;SUB_191;SEN_85000
AGUA;SUB_50;SEN_83255
AGUA;SUB_289;SEN_91584
AGUA;SUB_663;SEN_83635
AGUA;SUB_9;SEN_84604
AGUA;SUB_3;SEN_83221
AGUA;SUB_314;SEN_83680
AGUA;SUB_3;SEN_83198
AGUA;SUB_151;SEN_86598
AGUA;SUB_659;SEN_85652
AGUA;SUB_273;SEN_83069
AGUA;SUB_115;SEN_93490
AGUA;SUB_5;SEN_83411
AGUA;SUB_180;SEN_83549
AGUA;SUB_278;SEN_84449
AGUA;SUB_5;SEN_83440
AGUA;SUB_195;SEN_81982
AGUA;SUB_660;SEN_85232
AGUA;SUB_660;SEN_85174
AGUA;SUB_660;SEN_85116
AGUA;SUB_452;SEN_83835
AGUA;SUB_620;SEN_82873
AGUA;SUB_191;SEN_88552
AGUA;SUB_50;SEN_82004
AGUA;SUB_289;SEN_83668
AGUA;SUB_139;SEN_84121
AGUA;SUB_377;SEN_42397
AGUA;SUB_139;SEN_83777
AGUA;SUB_659;SEN_84330
AGUA;SUB_660;SEN_85087
AGUA;SUB_660;SEN_85145
AGUA;SUB_375;SEN_83189
AGUA;SUB_357;SEN_89629
AGUA;SUB_659;SEN_84178
AGUA;SUB_191;SEN_84954
AGUA;SUB_660;SEN_85203
AGUA;SUB_9;SEN_87002
AGUA;SUB_5;SEN_83353
AGUA;SUB_5;SEN_83469
AGUA;SUB_452;SEN_83935
AGUA;SUB_139;SEN_83806
AGUA;SUB_2;SEN_83104
AGUA;SUB_280;SEN_84534
AGUA;SUB_50;SEN_83030
AGUA;SUB_191;SEN_84990
AGUA;SUB_333;SEN_84405
AGUA;SUB_3;SEN_83243
AGUA;SUB_3;SEN_83210
AGUA;SUB_286;SEN_86597
AGUA;SUB_5;SEN_84562
AGUA;SUB_9;SEN_84478
AGUA;SUB_357;SEN_89159
AGUA;SUB_115;SEN_81991
AGUA;SUB_612;SEN_86540
AGUA;SUB_612;SEN_86537
AGUA;SUB_635;SEN_87488
AGUA;SUB_635;SEN_87487
AGUA;SUB_635;SEN_87490
AGUA;SUB_651;SEN_89158
AGUA;SUB_651;SEN_89161
AGUA;SUB_651;SEN_89159
AGUA;SUB_651;SEN_89160
AGUA;SUB_651;SEN_94702
AGUA;SUB_651;SEN_94661
AGUA;SUB_651;SEN_94662
AGUA;SUB_651;SEN_94664
AGUA;SUB_530;SEN_82922
AGUA;SUB_151;SEN_84813
AGUA;SUB_357;SEN_82881
AGUA;SUB_530;SEN_87394
AGUA;SUB_191;SEN_89776
AGUA;SUB_278;SEN_84571
AGUA;SUB_280;SEN_92784
AGUA;SUB_191;SEN_92832
AGUA;SUB_191;SEN_93303
AGUA;SUB_50;SEN_83580
AGUA;SUB_450;SEN_83692
AGUA;SUB_384;SEN_87030
AGUA;SUB_139;SEN_84099
AGUA;SUB_139;SEN_84088
AGUA;SUB_9;SEN_87029
AGUA;SUB_9;SEN_87030
AGUA;SUB_9;SEN_84616
AGUA;SUB_675;SEN_92736
AGUA;SUB_675;SEN_92734
AGUA;SUB_675;SEN_92733
ESGOTO;SUB_108;SEN_80927
ESGOTO;SUB_108;SEN_80928
ESGOTO;SUB_108;SEN_80921
ESGOTO;SUB_108;SEN_80922
ESGOTO;SUB_108;SEN_85686
ESGOTO;SUB_109;SEN_82553
ESGOTO;SUB_109;SEN_2979
ESGOTO;SUB_109;SEN_85684
ESGOTO;SUB_110;SEN_82541
ESGOTO;SUB_110;SEN_3001
ESGOTO;SUB_110;SEN_85683
ESGOTO;SUB_111;SEN_80909
ESGOTO;SUB_111;SEN_3023
ESGOTO;SUB_111;SEN_85685
ESGOTO;SUB_128;SEN_82204
ESGOTO;SUB_128;SEN_45833
ESGOTO;SUB_128;SEN_82199
ESGOTO;SUB_128;SEN_82200
ESGOTO;SUB_128;SEN_82203
ESGOTO;SUB_135;SEN_82072
ESGOTO;SUB_135;SEN_82074
ESGOTO;SUB_137;SEN_81150
ESGOTO;SUB_137;SEN_81145
ESGOTO;SUB_137;SEN_81149
ESGOTO;SUB_138;SEN_82487
ESGOTO;SUB_138;SEN_82483
ESGOTO;SUB_138;SEN_82486
ESGOTO;SUB_146;SEN_80534
ESGOTO;SUB_146;SEN_80535
ESGOTO;SUB_146;SEN_80529
ESGOTO;SUB_146;SEN_80530
ESGOTO;SUB_146;SEN_80533
ESGOTO;SUB_155;SEN_82626
ESGOTO;SUB_155;SEN_82627
ESGOTO;SUB_155;SEN_82621
ESGOTO;SUB_155;SEN_82622
ESGOTO;SUB_155;SEN_82625
ESGOTO;SUB_156;SEN_82088
ESGOTO;SUB_156;SEN_82089
ESGOTO;SUB_156;SEN_82083
ESGOTO;SUB_156;SEN_82084
ESGOTO;SUB_156;SEN_82087
ESGOTO;SUB_157;SEN_80640
ESGOTO;SUB_157;SEN_80641
ESGOTO;SUB_157;SEN_80635
ESGOTO;SUB_157;SEN_80636
ESGOTO;SUB_157;SEN_80639
ESGOTO;SUB_158;SEN_82697
ESGOTO;SUB_158;SEN_82698
ESGOTO;SUB_158;SEN_82692
ESGOTO;SUB_158;SEN_82693
ESGOTO;SUB_158;SEN_85687
ESGOTO;SUB_159;SEN_81099
ESGOTO;SUB_159;SEN_81100
ESGOTO;SUB_159;SEN_81094
ESGOTO;SUB_159;SEN_81095
ESGOTO;SUB_159;SEN_81098
ESGOTO;SUB_161;SEN_82146
ESGOTO;SUB_161;SEN_82147
ESGOTO;SUB_161;SEN_82141
ESGOTO;SUB_161;SEN_82142
ESGOTO;SUB_161;SEN_82145
ESGOTO;SUB_162;SEN_82641
ESGOTO;SUB_162;SEN_82642
ESGOTO;SUB_162;SEN_82636
ESGOTO;SUB_162;SEN_82637
ESGOTO;SUB_162;SEN_82640
ESGOTO;SUB_162;SEN_119180
ESGOTO;SUB_163;SEN_82117
ESGOTO;SUB_163;SEN_5685
ESGOTO;SUB_163;SEN_82113
ESGOTO;SUB_163;SEN_5614
ESGOTO;SUB_163;SEN_82116
ESGOTO;SUB_165;SEN_95047
ESGOTO;SUB_165;SEN_82517
ESGOTO;SUB_165;SEN_95048
ESGOTO;SUB_165;SEN_82518
ESGOTO;SUB_165;SEN_94988
ESGOTO;SUB_165;SEN_82512
ESGOTO;SUB_165;SEN_94992
ESGOTO;SUB_165;SEN_82513
ESGOTO;SUB_165;SEN_86654
ESGOTO;SUB_165;SEN_95046
ESGOTO;SUB_196;SEN_79840
ESGOTO;SUB_196;SEN_79836
ESGOTO;SUB_196;SEN_79839
ESGOTO;SUB_197;SEN_79894
ESGOTO;SUB_197;SEN_79895
ESGOTO;SUB_197;SEN_79889
ESGOTO;SUB_197;SEN_79890
ESGOTO;SUB_197;SEN_79893
ESGOTO;SUB_198;SEN_79879
ESGOTO;SUB_198;SEN_79880
ESGOTO;SUB_198;SEN_79874
ESGOTO;SUB_198;SEN_79875
ESGOTO;SUB_198;SEN_79878
ESGOTO;SUB_199;SEN_80689
ESGOTO;SUB_199;SEN_7050
ESGOTO;SUB_199;SEN_80685
ESGOTO;SUB_199;SEN_7044
ESGOTO;SUB_199;SEN_80688
ESGOTO;SUB_200;SEN_82786
ESGOTO;SUB_200;SEN_82782
ESGOTO;SUB_200;SEN_82785
ESGOTO;SUB_201;SEN_82800
ESGOTO;SUB_201;SEN_82795
ESGOTO;SUB_201;SEN_82799
ESGOTO;SUB_209;SEN_82669
ESGOTO;SUB_209;SEN_82670
ESGOTO;SUB_209;SEN_82664
ESGOTO;SUB_209;SEN_82665
ESGOTO;SUB_209;SEN_82668
ESGOTO;SUB_210;SEN_79730
ESGOTO;SUB_210;SEN_79726
ESGOTO;SUB_210;SEN_79729
ESGOTO;SUB_211;SEN_7771
ESGOTO;SUB_211;SEN_82683
ESGOTO;SUB_211;SEN_7765
ESGOTO;SUB_211;SEN_82679
ESGOTO;SUB_211;SEN_82682
ESGOTO;SUB_211;SEN_105792
ESGOTO;SUB_211;SEN_105798
ESGOTO;SUB_211;SEN_105794
ESGOTO;SUB_211;SEN_105793
ESGOTO;SUB_211;SEN_105799
ESGOTO;SUB_227;SEN_82772
ESGOTO;SUB_227;SEN_82773
ESGOTO;SUB_227;SEN_82767
ESGOTO;SUB_227;SEN_82768
ESGOTO;SUB_227;SEN_82771
ESGOTO;SUB_228;SEN_89112
ESGOTO;SUB_228;SEN_89114
ESGOTO;SUB_228;SEN_89099
ESGOTO;SUB_228;SEN_89101
ESGOTO;SUB_228;SEN_89110
ESGOTO;SUB_228;SEN_82742
ESGOTO;SUB_228;SEN_82743
ESGOTO;SUB_228;SEN_82737
ESGOTO;SUB_228;SEN_82738
ESGOTO;SUB_228;SEN_82741
ESGOTO;SUB_229;SEN_82757
ESGOTO;SUB_229;SEN_82758
ESGOTO;SUB_229;SEN_82752
ESGOTO;SUB_229;SEN_82753
ESGOTO;SUB_229;SEN_82756
ESGOTO;SUB_230;SEN_82727
ESGOTO;SUB_230;SEN_82728
ESGOTO;SUB_230;SEN_82722
ESGOTO;SUB_230;SEN_82723
ESGOTO;SUB_230;SEN_82726
ESGOTO;SUB_231;SEN_82712
ESGOTO;SUB_231;SEN_82713
ESGOTO;SUB_231;SEN_82707
ESGOTO;SUB_231;SEN_82708
ESGOTO;SUB_231;SEN_82711
ESGOTO;SUB_235;SEN_82459
ESGOTO;SUB_235;SEN_82454
ESGOTO;SUB_235;SEN_82458
ESGOTO;SUB_237;SEN_80414
ESGOTO;SUB_237;SEN_80415
ESGOTO;SUB_237;SEN_80409
ESGOTO;SUB_237;SEN_80410
ESGOTO;SUB_237;SEN_80413
ESGOTO;SUB_239;SEN_82294
ESGOTO;SUB_239;SEN_82295
ESGOTO;SUB_239;SEN_82289
ESGOTO;SUB_239;SEN_82290
ESGOTO;SUB_239;SEN_82293
ESGOTO;SUB_240;SEN_82429
ESGOTO;SUB_240;SEN_82430
ESGOTO;SUB_240;SEN_82424
ESGOTO;SUB_240;SEN_82425
ESGOTO;SUB_240;SEN_82428
ESGOTO;SUB_241;SEN_82444
ESGOTO;SUB_241;SEN_82445
ESGOTO;SUB_241;SEN_82439
ESGOTO;SUB_241;SEN_82440
ESGOTO;SUB_241;SEN_85651
ESGOTO;SUB_243;SEN_82384
ESGOTO;SUB_243;SEN_82385
ESGOTO;SUB_243;SEN_82379
ESGOTO;SUB_243;SEN_82380
ESGOTO;SUB_243;SEN_82383
ESGOTO;SUB_248;SEN_82324
ESGOTO;SUB_248;SEN_82325
ESGOTO;SUB_248;SEN_82319
ESGOTO;SUB_248;SEN_82320
ESGOTO;SUB_248;SEN_82323
ESGOTO;SUB_249;SEN_80429
ESGOTO;SUB_249;SEN_80430
ESGOTO;SUB_249;SEN_80424
ESGOTO;SUB_249;SEN_80425
ESGOTO;SUB_249;SEN_80428
ESGOTO;SUB_254;SEN_82399
ESGOTO;SUB_254;SEN_82400
ESGOTO;SUB_254;SEN_82394
ESGOTO;SUB_254;SEN_82395
ESGOTO;SUB_254;SEN_82398
ESGOTO;SUB_255;SEN_85678
ESGOTO;SUB_255;SEN_85679
ESGOTO;SUB_255;SEN_82349
ESGOTO;SUB_255;SEN_82350
ESGOTO;SUB_255;SEN_85677
ESGOTO;SUB_256;SEN_82339
ESGOTO;SUB_256;SEN_82340
ESGOTO;SUB_256;SEN_82334
ESGOTO;SUB_256;SEN_82335
ESGOTO;SUB_256;SEN_82338
ESGOTO;SUB_257;SEN_82264
ESGOTO;SUB_257;SEN_82265
ESGOTO;SUB_257;SEN_82259
ESGOTO;SUB_257;SEN_82260
ESGOTO;SUB_257;SEN_85682
ESGOTO;SUB_258;SEN_80300
ESGOTO;SUB_258;SEN_80301
ESGOTO;SUB_258;SEN_80295
ESGOTO;SUB_258;SEN_80296
ESGOTO;SUB_258;SEN_85681
ESGOTO;SUB_262;SEN_82309
ESGOTO;SUB_262;SEN_82310
ESGOTO;SUB_262;SEN_82304
ESGOTO;SUB_262;SEN_82305
ESGOTO;SUB_262;SEN_82308
ESGOTO;SUB_264;SEN_82279
ESGOTO;SUB_264;SEN_82280
ESGOTO;SUB_264;SEN_82274
ESGOTO;SUB_264;SEN_82275
ESGOTO;SUB_264;SEN_82278
ESGOTO;SUB_304;SEN_80973
ESGOTO;SUB_304;SEN_80974
ESGOTO;SUB_304;SEN_80968
ESGOTO;SUB_304;SEN_80969
ESGOTO;SUB_304;SEN_80972
ESGOTO;SUB_305;SEN_82597
ESGOTO;SUB_305;SEN_82598
ESGOTO;SUB_305;SEN_82592
ESGOTO;SUB_305;SEN_82593
ESGOTO;SUB_305;SEN_82596
ESGOTO;SUB_307;SEN_82532
ESGOTO;SUB_307;SEN_82533
ESGOTO;SUB_307;SEN_82527
ESGOTO;SUB_307;SEN_82528
ESGOTO;SUB_307;SEN_82531
ESGOTO;SUB_308;SEN_80315
ESGOTO;SUB_308;SEN_80316
ESGOTO;SUB_308;SEN_80310
ESGOTO;SUB_308;SEN_80311
ESGOTO;SUB_308;SEN_80314
ESGOTO;SUB_309;SEN_80731
ESGOTO;SUB_309;SEN_80732
ESGOTO;SUB_309;SEN_80726
ESGOTO;SUB_309;SEN_80727
ESGOTO;SUB_309;SEN_80730
ESGOTO;SUB_310;SEN_87777
ESGOTO;SUB_310;SEN_87779
ESGOTO;SUB_310;SEN_87764
ESGOTO;SUB_310;SEN_87766
ESGOTO;SUB_310;SEN_87775
ESGOTO;SUB_311;SEN_82219
ESGOTO;SUB_311;SEN_82220
ESGOTO;SUB_311;SEN_82214
ESGOTO;SUB_311;SEN_82215
ESGOTO;SUB_311;SEN_82218
ESGOTO;SUB_327;SEN_80884
ESGOTO;SUB_327;SEN_80886
ESGOTO;SUB_327;SEN_80902
ESGOTO;SUB_327;SEN_18878
ESGOTO;SUB_334;SEN_82175
ESGOTO;SUB_334;SEN_82176
ESGOTO;SUB_334;SEN_82170
ESGOTO;SUB_334;SEN_82171
ESGOTO;SUB_334;SEN_82174
ESGOTO;SUB_335;SEN_82161
ESGOTO;SUB_335;SEN_82162
ESGOTO;SUB_335;SEN_82156
ESGOTO;SUB_335;SEN_82157
ESGOTO;SUB_335;SEN_82160
ESGOTO;SUB_336;SEN_82474
ESGOTO;SUB_336;SEN_82475
ESGOTO;SUB_336;SEN_82468
ESGOTO;SUB_336;SEN_82469
ESGOTO;SUB_336;SEN_85680
ESGOTO;SUB_353;SEN_79925
ESGOTO;SUB_353;SEN_79927
ESGOTO;SUB_353;SEN_79924
ESGOTO;SUB_353;SEN_79926
ESGOTO;SUB_353;SEN_79907
ESGOTO;SUB_353;SEN_79909
ESGOTO;SUB_353;SEN_79923
ESGOTO;SUB_353;SEN_79928
ESGOTO;SUB_362;SEN_80858
ESGOTO;SUB_362;SEN_80859
ESGOTO;SUB_362;SEN_80860
ESGOTO;SUB_362;SEN_80840
ESGOTO;SUB_362;SEN_80842
ESGOTO;SUB_362;SEN_80844
ESGOTO;SUB_362;SEN_80857
ESGOTO;SUB_365;SEN_80825
ESGOTO;SUB_365;SEN_80827
ESGOTO;SUB_365;SEN_80829
ESGOTO;SUB_365;SEN_80824
ESGOTO;SUB_365;SEN_80826
ESGOTO;SUB_365;SEN_80828
ESGOTO;SUB_365;SEN_80805
ESGOTO;SUB_365;SEN_80807
ESGOTO;SUB_365;SEN_80809
ESGOTO;SUB_365;SEN_80823
ESGOTO;SUB_386;SEN_81305
ESGOTO;SUB_386;SEN_81306
ESGOTO;SUB_386;SEN_81307
ESGOTO;SUB_386;SEN_81308
ESGOTO;SUB_386;SEN_81287
ESGOTO;SUB_386;SEN_81289
ESGOTO;SUB_386;SEN_81291
ESGOTO;SUB_411;SEN_80171
ESGOTO;SUB_411;SEN_80173
ESGOTO;SUB_411;SEN_80170
ESGOTO;SUB_411;SEN_80172
ESGOTO;SUB_411;SEN_80153
ESGOTO;SUB_411;SEN_80155
ESGOTO;SUB_411;SEN_80169
ESGOTO;SUB_411;SEN_80174
ESGOTO;SUB_413;SEN_80491
ESGOTO;SUB_413;SEN_80492
ESGOTO;SUB_413;SEN_80493
ESGOTO;SUB_413;SEN_80472
ESGOTO;SUB_413;SEN_80474
ESGOTO;SUB_413;SEN_80476
ESGOTO;SUB_413;SEN_80490
ESGOTO;SUB_416;SEN_81181
ESGOTO;SUB_416;SEN_81183
ESGOTO;SUB_416;SEN_81185
ESGOTO;SUB_416;SEN_81162
ESGOTO;SUB_416;SEN_81164
ESGOTO;SUB_416;SEN_81166
ESGOTO;SUB_416;SEN_81179
ESGOTO;SUB_418;SEN_79961
ESGOTO;SUB_418;SEN_79962
ESGOTO;SUB_418;SEN_79963
ESGOTO;SUB_418;SEN_79940
ESGOTO;SUB_418;SEN_79942
ESGOTO;SUB_418;SEN_79944
ESGOTO;SUB_418;SEN_79959
ESGOTO;SUB_418;SEN_79964
ESGOTO;SUB_424;SEN_81244
ESGOTO;SUB_424;SEN_81245
ESGOTO;SUB_424;SEN_81246
ESGOTO;SUB_424;SEN_81225
ESGOTO;SUB_424;SEN_81227
ESGOTO;SUB_424;SEN_81229
ESGOTO;SUB_424;SEN_81243
ESGOTO;SUB_428;SEN_79791
ESGOTO;SUB_428;SEN_79793
ESGOTO;SUB_428;SEN_79795
ESGOTO;SUB_428;SEN_79772
ESGOTO;SUB_428;SEN_79774
ESGOTO;SUB_428;SEN_79776
ESGOTO;SUB_428;SEN_79789
ESGOTO;SUB_434;SEN_80673
ESGOTO;SUB_434;SEN_80675
ESGOTO;SUB_434;SEN_80677
ESGOTO;SUB_434;SEN_80672
ESGOTO;SUB_434;SEN_80674
ESGOTO;SUB_434;SEN_80676
ESGOTO;SUB_434;SEN_80653
ESGOTO;SUB_434;SEN_80655
ESGOTO;SUB_434;SEN_80657
ESGOTO;SUB_434;SEN_80671
ESGOTO;SUB_434;SEN_80678
ESGOTO;SUB_437;SEN_86778
ESGOTO;SUB_437;SEN_86775
ESGOTO;SUB_438;SEN_80625
ESGOTO;SUB_438;SEN_80626
ESGOTO;SUB_438;SEN_80627
ESGOTO;SUB_438;SEN_80606
ESGOTO;SUB_438;SEN_80608
ESGOTO;SUB_438;SEN_80610
ESGOTO;SUB_438;SEN_80624
ESGOTO;SUB_438;SEN_80628
ESGOTO;SUB_440;SEN_80138
ESGOTO;SUB_440;SEN_80140
ESGOTO;SUB_440;SEN_80142
ESGOTO;SUB_440;SEN_80137
ESGOTO;SUB_440;SEN_80139
ESGOTO;SUB_440;SEN_80141
ESGOTO;SUB_440;SEN_80118
ESGOTO;SUB_440;SEN_80120
ESGOTO;SUB_440;SEN_80122
ESGOTO;SUB_440;SEN_80136
ESGOTO;SUB_440;SEN_80143
ESGOTO;SUB_445;SEN_81085
ESGOTO;SUB_445;SEN_81086
ESGOTO;SUB_445;SEN_81087
ESGOTO;SUB_445;SEN_81067
ESGOTO;SUB_445;SEN_81069
ESGOTO;SUB_445;SEN_81071
ESGOTO;SUB_445;SEN_81084
ESGOTO;SUB_457;SEN_81133
ESGOTO;SUB_457;SEN_81135
ESGOTO;SUB_457;SEN_81137
ESGOTO;SUB_457;SEN_81132
ESGOTO;SUB_457;SEN_81134
ESGOTO;SUB_457;SEN_81136
ESGOTO;SUB_457;SEN_81112
ESGOTO;SUB_457;SEN_81114
ESGOTO;SUB_457;SEN_81116
ESGOTO;SUB_457;SEN_81131
ESGOTO;SUB_457;SEN_81138
ESGOTO;SUB_462;SEN_80763
ESGOTO;SUB_462;SEN_80765
ESGOTO;SUB_462;SEN_80767
ESGOTO;SUB_462;SEN_80762
ESGOTO;SUB_462;SEN_80764
ESGOTO;SUB_462;SEN_80766
ESGOTO;SUB_462;SEN_80743
ESGOTO;SUB_462;SEN_80745
ESGOTO;SUB_462;SEN_80747
ESGOTO;SUB_462;SEN_80761
ESGOTO;SUB_463;SEN_81213
ESGOTO;SUB_463;SEN_81214
ESGOTO;SUB_463;SEN_81215
ESGOTO;SUB_463;SEN_81195
ESGOTO;SUB_463;SEN_81197
ESGOTO;SUB_463;SEN_81199
ESGOTO;SUB_463;SEN_81212
ESGOTO;SUB_470;SEN_80373
ESGOTO;SUB_470;SEN_80374
ESGOTO;SUB_470;SEN_80375
ESGOTO;SUB_470;SEN_80355
ESGOTO;SUB_470;SEN_80357
ESGOTO;SUB_470;SEN_80359
ESGOTO;SUB_470;SEN_80372
ESGOTO;SUB_472;SEN_81275
ESGOTO;SUB_472;SEN_81276
ESGOTO;SUB_472;SEN_81256
ESGOTO;SUB_472;SEN_81258
ESGOTO;SUB_472;SEN_81260
ESGOTO;SUB_472;SEN_81274
ESGOTO;SUB_475;SEN_80594
ESGOTO;SUB_475;SEN_80595
ESGOTO;SUB_475;SEN_80596
ESGOTO;SUB_475;SEN_80575
ESGOTO;SUB_475;SEN_80577
ESGOTO;SUB_475;SEN_80579
ESGOTO;SUB_475;SEN_80593
ESGOTO;SUB_482;SEN_79760
ESGOTO;SUB_482;SEN_79761
ESGOTO;SUB_482;SEN_79762
ESGOTO;SUB_482;SEN_79741
ESGOTO;SUB_482;SEN_79743
ESGOTO;SUB_482;SEN_79745
ESGOTO;SUB_482;SEN_79759
ESGOTO;SUB_486;SEN_80794
ESGOTO;SUB_486;SEN_80795
ESGOTO;SUB_486;SEN_80777
ESGOTO;SUB_486;SEN_80779
ESGOTO;SUB_486;SEN_80793
ESGOTO;SUB_499;SEN_86825
ESGOTO;SUB_499;SEN_86827
ESGOTO;SUB_499;SEN_49860
ESGOTO;SUB_499;SEN_86822
ESGOTO;SUB_514;SEN_80229
ESGOTO;SUB_514;SEN_80230
ESGOTO;SUB_514;SEN_80212
ESGOTO;SUB_514;SEN_80214
ESGOTO;SUB_514;SEN_80228
ESGOTO;SUB_514;SEN_52877
ESGOTO;SUB_525;SEN_80106
ESGOTO;SUB_525;SEN_80108
ESGOTO;SUB_525;SEN_80105
ESGOTO;SUB_525;SEN_80107
ESGOTO;SUB_525;SEN_80088
ESGOTO;SUB_525;SEN_80090
ESGOTO;SUB_525;SEN_80104
ESGOTO;SUB_526;SEN_80718
ESGOTO;SUB_526;SEN_56608
ESGOTO;SUB_526;SEN_80701
ESGOTO;SUB_526;SEN_80703
ESGOTO;SUB_526;SEN_80717
ESGOTO;SUB_537;SEN_80344
ESGOTO;SUB_537;SEN_80345
ESGOTO;SUB_537;SEN_80327
ESGOTO;SUB_537;SEN_80329
ESGOTO;SUB_537;SEN_80343
ESGOTO;SUB_556;SEN_80564
ESGOTO;SUB_556;SEN_80565
ESGOTO;SUB_556;SEN_80547
ESGOTO;SUB_556;SEN_80549
ESGOTO;SUB_556;SEN_80563
ESGOTO;SUB_579;SEN_80401
ESGOTO;SUB_579;SEN_80402
ESGOTO;SUB_579;SEN_80385
ESGOTO;SUB_579;SEN_80386
ESGOTO;SUB_579;SEN_80400
ESGOTO;SUB_580;SEN_81000
ESGOTO;SUB_580;SEN_81001
ESGOTO;SUB_580;SEN_80985
ESGOTO;SUB_580;SEN_80986
ESGOTO;SUB_580;SEN_80999
ESGOTO;SUB_586;SEN_81028
ESGOTO;SUB_586;SEN_81029
ESGOTO;SUB_586;SEN_81011
ESGOTO;SUB_586;SEN_81013
ESGOTO;SUB_586;SEN_81027
ESGOTO;SUB_590;SEN_88748
ESGOTO;SUB_590;SEN_79825
ESGOTO;SUB_590;SEN_79827
ESGOTO;SUB_590;SEN_79829
ESGOTO;SUB_590;SEN_79824
ESGOTO;SUB_590;SEN_79826
ESGOTO;SUB_590;SEN_79828
ESGOTO;SUB_590;SEN_79805
ESGOTO;SUB_590;SEN_79807
ESGOTO;SUB_590;SEN_79809
ESGOTO;SUB_590;SEN_79823
ESGOTO;SUB_590;SEN_69833
ESGOTO;SUB_598;SEN_80201
ESGOTO;SUB_598;SEN_80202
ESGOTO;SUB_598;SEN_80184
ESGOTO;SUB_598;SEN_80186
ESGOTO;SUB_598;SEN_80200
ESGOTO;SUB_601;SEN_80460
ESGOTO;SUB_601;SEN_80462
ESGOTO;SUB_601;SEN_80442
ESGOTO;SUB_601;SEN_80444
ESGOTO;SUB_601;SEN_80458
ESGOTO;SUB_602;SEN_79867
ESGOTO;SUB_602;SEN_79852
ESGOTO;SUB_602;SEN_79866
ESGOTO;SUB_603;SEN_80077
ESGOTO;SUB_603;SEN_80078
ESGOTO;SUB_603;SEN_80060
ESGOTO;SUB_603;SEN_80062
ESGOTO;SUB_603;SEN_80076
ESGOTO;SUB_613;SEN_80520
ESGOTO;SUB_613;SEN_80521
ESGOTO;SUB_613;SEN_80503
ESGOTO;SUB_613;SEN_80505
ESGOTO;SUB_613;SEN_80519
ESGOTO;SUB_613;SEN_76315
ESGOTO;SUB_616;SEN_79991
ESGOTO;SUB_616;SEN_79992
ESGOTO;SUB_616;SEN_79974
ESGOTO;SUB_616;SEN_79976
ESGOTO;SUB_616;SEN_79990
ESGOTO;SUB_616;SEN_80019
ESGOTO;SUB_616;SEN_80020
ESGOTO;SUB_616;SEN_80002
ESGOTO;SUB_616;SEN_80004
ESGOTO;SUB_616;SEN_80018
ESGOTO;SUB_619;SEN_80957
ESGOTO;SUB_619;SEN_80959
ESGOTO;SUB_619;SEN_80940
ESGOTO;SUB_619;SEN_80942
ESGOTO;SUB_619;SEN_80956
ESGOTO;SUB_619;SEN_80961
ESGOTO;SUB_623;SEN_85736
ESGOTO;SUB_623;SEN_85740
ESGOTO;SUB_623;SEN_85741
ESGOTO;SUB_623;SEN_85709
ESGOTO;SUB_623;SEN_85711
ESGOTO;SUB_629;SEN_87452
ESGOTO;SUB_629;SEN_87453
ESGOTO;SUB_629;SEN_87054
ESGOTO;SUB_629;SEN_87056
ESGOTO;SUB_629;SEN_87451
ESGOTO;SUB_63;SEN_80872
ESGOTO;SUB_63;SEN_80867
ESGOTO;SUB_63;SEN_80871
ESGOTO;SUB_631;SEN_87250
ESGOTO;SUB_631;SEN_87254
ESGOTO;SUB_631;SEN_87174
ESGOTO;SUB_631;SEN_87176
ESGOTO;SUB_631;SEN_87249
ESGOTO;SUB_632;SEN_87257
ESGOTO;SUB_632;SEN_87258
ESGOTO;SUB_632;SEN_87222
ESGOTO;SUB_632;SEN_87224
ESGOTO;SUB_632;SEN_87252
ESGOTO;SUB_634;SEN_87367
ESGOTO;SUB_634;SEN_87368
ESGOTO;SUB_634;SEN_87337
ESGOTO;SUB_634;SEN_87339
ESGOTO;SUB_634;SEN_87364
ESGOTO;SUB_636;SEN_87537
ESGOTO;SUB_636;SEN_87539
ESGOTO;SUB_636;SEN_87524
ESGOTO;SUB_636;SEN_87526
ESGOTO;SUB_636;SEN_87535
ESGOTO;SUB_637;SEN_87585
ESGOTO;SUB_637;SEN_87588
ESGOTO;SUB_637;SEN_87572
ESGOTO;SUB_637;SEN_87574
ESGOTO;SUB_637;SEN_87583
ESGOTO;SUB_638;SEN_87633
ESGOTO;SUB_638;SEN_87635
ESGOTO;SUB_638;SEN_87620
ESGOTO;SUB_638;SEN_87622
ESGOTO;SUB_638;SEN_87631
ESGOTO;SUB_641;SEN_88017
ESGOTO;SUB_641;SEN_88019
ESGOTO;SUB_641;SEN_88021
ESGOTO;SUB_641;SEN_88004
ESGOTO;SUB_641;SEN_88006
ESGOTO;SUB_641;SEN_88008
ESGOTO;SUB_641;SEN_88015
ESGOTO;SUB_644;SEN_88647
ESGOTO;SUB_644;SEN_88649
ESGOTO;SUB_644;SEN_88634
ESGOTO;SUB_644;SEN_88636
ESGOTO;SUB_644;SEN_88645
ESGOTO;SUB_645;SEN_88699
ESGOTO;SUB_645;SEN_88693
ESGOTO;SUB_645;SEN_60788
ESGOTO;SUB_648;SEN_88929
ESGOTO;SUB_648;SEN_88931
ESGOTO;SUB_648;SEN_88933
ESGOTO;SUB_648;SEN_88916
ESGOTO;SUB_648;SEN_88918
ESGOTO;SUB_648;SEN_88920
ESGOTO;SUB_648;SEN_88927
ESGOTO;SUB_661;SEN_89678
ESGOTO;SUB_661;SEN_89680
ESGOTO;SUB_661;SEN_89666
ESGOTO;SUB_661;SEN_89668
ESGOTO;SUB_661;SEN_89677
ESGOTO;SUB_661;SEN_80259
ESGOTO;SUB_661;SEN_85261
ESGOTO;SUB_661;SEN_80242
ESGOTO;SUB_661;SEN_80244
ESGOTO;SUB_661;SEN_80258
ESGOTO;SUB_661;SEN_80261
ESGOTO;SUB_665;SEN_89893
ESGOTO;SUB_665;SEN_89895
ESGOTO;SUB_665;SEN_89880
ESGOTO;SUB_665;SEN_89882
ESGOTO;SUB_665;SEN_89891
ESGOTO;SUB_666;SEN_89941
ESGOTO;SUB_666;SEN_89943
ESGOTO;SUB_666;SEN_89945
ESGOTO;SUB_666;SEN_89928
ESGOTO;SUB_666;SEN_89930
ESGOTO;SUB_666;SEN_89932
ESGOTO;SUB_666;SEN_89939
ESGOTO;SUB_666;SEN_89946
ESGOTO;SUB_667;SEN_89845
ESGOTO;SUB_667;SEN_89847
ESGOTO;SUB_667;SEN_89832
ESGOTO;SUB_667;SEN_89834
ESGOTO;SUB_667;SEN_89843
ESGOTO;SUB_671;SEN_91631
ESGOTO;SUB_671;SEN_91633
ESGOTO;SUB_671;SEN_91618
ESGOTO;SUB_671;SEN_91620
ESGOTO;SUB_671;SEN_91629
ESGOTO;SUB_681;SEN_93068
ESGOTO;SUB_681;SEN_93070
ESGOTO;SUB_681;SEN_93055
ESGOTO;SUB_681;SEN_93057
ESGOTO;SUB_681;SEN_93066
ESGOTO;SUB_688;SEN_93561
ESGOTO;SUB_688;SEN_93563
ESGOTO;SUB_688;SEN_93548
ESGOTO;SUB_688;SEN_93550
ESGOTO;SUB_688;SEN_93559
ESGOTO;SUB_688;SEN_82503
ESGOTO;SUB_688;SEN_82502
ESGOTO;SUB_688;SEN_82496
ESGOTO;SUB_688;SEN_82501
ESGOTO;SUB_689;SEN_80027
ESGOTO;SUB_689;SEN_80028
ESGOTO;SUB_689;SEN_80031
ESGOTO;SUB_689;SEN_93701
ESGOTO;SUB_689;SEN_93703
ESGOTO;SUB_689;SEN_93689
ESGOTO;SUB_689;SEN_93691
ESGOTO;SUB_689;SEN_93700
ESGOTO;SUB_689;SEN_93702
ESGOTO;SUB_690;SEN_93750
ESGOTO;SUB_690;SEN_93752
ESGOTO;SUB_690;SEN_93749
ESGOTO;SUB_690;SEN_93751
ESGOTO;SUB_690;SEN_93737
ESGOTO;SUB_690;SEN_93739
ESGOTO;SUB_690;SEN_93748
ESGOTO;SUB_690;SEN_82131
ESGOTO;SUB_690;SEN_82132
ESGOTO;SUB_690;SEN_82126
ESGOTO;SUB_690;SEN_82127
ESGOTO;SUB_690;SEN_82130
ESGOTO;SUB_697;SEN_94326
ESGOTO;SUB_697;SEN_94328
ESGOTO;SUB_697;SEN_94313
ESGOTO;SUB_697;SEN_94315
ESGOTO;SUB_697;SEN_94324
ESGOTO;SUB_698;SEN_94374
ESGOTO;SUB_698;SEN_94376
ESGOTO;SUB_698;SEN_94361
ESGOTO;SUB_698;SEN_94363
ESGOTO;SUB_698;SEN_94372
ESGOTO;SUB_700;SEN_94470
ESGOTO;SUB_700;SEN_94472
ESGOTO;SUB_700;SEN_94457
ESGOTO;SUB_700;SEN_94459
ESGOTO;SUB_700;SEN_94468
ESGOTO;SUB_715;SEN_102882
ESGOTO;SUB_715;SEN_102788
ESGOTO;SUB_715;SEN_102790
ESGOTO;SUB_715;SEN_102730
ESGOTO;SUB_715;SEN_102735
ESGOTO;SUB_715;SEN_102789
ESGOTO;SUB_715;SEN_86892
ESGOTO;SUB_715;SEN_86894
ESGOTO;SUB_715;SEN_86963
ESGOTO;SUB_722;SEN_106438
ESGOTO;SUB_722;SEN_106439
ESGOTO;SUB_722;SEN_106417
ESGOTO;SUB_722;SEN_106427
ESGOTO;SUB_722;SEN_106437
ESGOTO;SUB_722;SEN_106440
ESGOTO;SUB_722;SEN_106441
ESGOTO;SUB_722;SEN_106429
ESGOTO;SUB_722;SEN_106431
ESGOTO;SUB_729;SEN_107378
ESGOTO;SUB_729;SEN_107379
ESGOTO;SUB_729;SEN_107323
ESGOTO;SUB_729;SEN_107324
ESGOTO;SUB_729;SEN_107377
ESGOTO;SUB_731;SEN_108089
ESGOTO;SUB_731;SEN_108090
ESGOTO;SUB_731;SEN_108034
ESGOTO;SUB_731;SEN_108035
ESGOTO;SUB_731;SEN_108088
ESGOTO;SUB_728;SEN_107285
ESGOTO;SUB_728;SEN_107286
ESGOTO;SUB_728;SEN_107230
ESGOTO;SUB_728;SEN_107231
ESGOTO;SUB_728;SEN_107284
ESGOTO;SUB_730;SEN_108182
ESGOTO;SUB_730;SEN_108183
ESGOTO;SUB_730;SEN_108127
ESGOTO;SUB_730;SEN_108128
ESGOTO;SUB_730;SEN_108181
ESGOTO;SUB_640;SEN_87969
ESGOTO;SUB_640;SEN_87971
ESGOTO;SUB_640;SEN_87956
ESGOTO;SUB_640;SEN_87958
ESGOTO;SUB_640;SEN_87967
ESGOTO;SUB_701;SEN_94518
ESGOTO;SUB_701;SEN_94520
ESGOTO;SUB_701;SEN_94505
ESGOTO;SUB_701;SEN_94507
ESGOTO;SUB_701;SEN_94516
AGUA;SUB_678;SEN_92878
AGUA;SUB_678;SEN_92877
AGUA;SUB_678;SEN_92880
AGUA;SUB_9;SEN_87030
AGUA;SUB_501;SEN_102216
AGUA;SUB_501;SEN_102215
AGUA;SUB_501;SEN_102218
AGUA;SUB_357;SEN_93834
AGUA;SUB_357;SEN_93835
AGUA;SUB_3;SEN_105624
AGUA;SUB_3;SEN_105626
AGUA;SUB_3;SEN_105625
AGUA;SUB_679;SEN_92914
AGUA;SUB_679;SEN_92926
AGUA;SUB_679;SEN_92925
AGUA;SUB_679;SEN_92928
AGUA;SUB_758;SEN_129875
AGUA;SUB_758;SEN_129877
AGUA;SUB_758;SEN_129876
AGUA;SUB_771;SEN_134926
AGUA;SUB_713;SEN_101414
AGUA;SUB_714;SEN_102122
AGUA;SUB_709;SEN_94817
AGUA;SUB_709;SEN_94822
AGUA;SUB_709;SEN_94823
ESGOTO;SUB_432;SEN_48422
ESGOTO;SUB_432;SEN_57687
ESGOTO;SUB_432;SEN_86863
ESGOTO;SUB_432;SEN_86867
ESGOTO;SUB_432;SEN_86874
ESGOTO;SUB_432;SEN_86969
ESGOTO;SUB_600;SEN_79257
ESGOTO;SUB_600;SEN_86720
ESGOTO;SUB_600;SEN_86724
ESGOTO;SUB_600;SEN_86726
ESGOTO;SUB_600;SEN_86993
ESGOTO;SUB_607;SEN_73943
ESGOTO;SUB_607;SEN_86850
ESGOTO;SUB_607;SEN_86852
ESGOTO;SUB_607;SEN_86855
ESGOTO;SUB_607;SEN_86857
ESGOTO;SUB_607;SEN_86974
ESGOTO;SUB_464;SEN_86796
ESGOTO;SUB_464;SEN_86798
ESGOTO;SUB_464;SEN_86799
ESGOTO;SUB_464;SEN_86805
ESGOTO;SUB_464;SEN_86807
ESGOTO;SUB_464;SEN_86988
ESGOTO;SUB_471;SEN_79603
ESGOTO;SUB_471;SEN_86876
ESGOTO;SUB_471;SEN_86877
ESGOTO;SUB_471;SEN_86880
ESGOTO;SUB_471;SEN_86882
ESGOTO;SUB_471;SEN_86964
ESGOTO;SUB_529;SEN_86835
ESGOTO;SUB_529;SEN_86839
ESGOTO;SUB_529;SEN_86841
ESGOTO;SUB_529;SEN_86977
ESGOTO;SUB_409;SEN_86900
ESGOTO;SUB_409;SEN_86902
ESGOTO;SUB_409;SEN_86903
ESGOTO;SUB_409;SEN_86907
ESGOTO;SUB_409;SEN_86909
ESGOTO;SUB_409;SEN_86960
ESGOTO;SUB_836;SEN_140017
ESGOTO;SUB_836;SEN_140025
ESGOTO;SUB_836;SEN_140104
ESGOTO;SUB_836;SEN_140112
ESGOTO;SUB_836;SEN_140954
ESGOTO;SUB_836;SEN_140959
ESGOTO;SUB_437;SEN_86771
ESGOTO;SUB_437;SEN_86775
AGUA;SUB_705;SEN_94680
AGUA;SUB_705;SEN_94685
AGUA;SUB_705;SEN_94686